{"cameraMode":{"drawMode":0,"name":"Shaded","section":"Shading Mode"},"sceneLighting":true,"audioPlay":false,"sceneViewState":{"showFog":true,"showMaterialUpdate":false,"showSkybox":true,"showFlares":true,"showImageEffects":true,"showParticleSystems":true},"in2DMode":false,"pivot":{"x":0.5380845069885254,"y":2.4942703247070314,"z":1.1220002174377442},"rotation":{"x":0.021263770759105684,"y":-0.9670097231864929,"z":0.08610651642084122,"w":0.23880082368850709},"size":5.981694221496582,"orthographic":false}