{"cameraMode":{"drawMode":0,"name":"Shaded","section":"Shading Mode"},"sceneLighting":true,"audioPlay":false,"sceneViewState":{"showFog":true,"showMaterialUpdate":false,"showSkybox":true,"showFlares":true,"showImageEffects":true,"showParticleSystems":true},"in2DMode":false,"pivot":{"x":-6.091551303863525,"y":-2.5357863903045656,"z":20.90083885192871},"rotation":{"x":-0.01981722190976143,"y":0.9353472590446472,"z":-0.34919729828834536,"w":-0.05308990180492401},"size":50.34410095214844,"orthographic":false}