{"cameraMode":{"drawMode":0,"name":"Shaded","section":"Shading Mode"},"sceneLighting":true,"audioPlay":false,"sceneViewState":{"showFog":true,"showMaterialUpdate":false,"showSkybox":true,"showFlares":true,"showImageEffects":true,"showParticleSystems":true},"in2DMode":false,"pivot":{"x":32.553489685058597,"y":-58.49810028076172,"z":23.698196411132814},"rotation":{"x":-0.10399486124515534,"y":0.8492426872253418,"z":-0.4840112626552582,"w":-0.18451859056949616},"size":85.78059387207031,"orthographic":false}