{"cameraMode":{"drawMode":0,"name":"Shaded","section":"Shading Mode"},"sceneLighting":true,"audioPlay":false,"sceneViewState":{"showFog":true,"showMaterialUpdate":false,"showSkybox":true,"showFlares":true,"showImageEffects":true,"showParticleSystems":true},"in2DMode":false,"pivot":{"x":1.1549549102783204,"y":1.6207199096679688,"z":83.36653900146485},"rotation":{"x":0.06934766471385956,"y":0.9255101084709168,"z":-0.3125169277191162,"w":0.2031053751707077},"size":40.79087829589844,"orthographic":false}