{"cameraMode":{"drawMode":0,"name":"Shaded","section":"Shading Mode"},"sceneLighting":true,"audioPlay":false,"sceneViewState":{"showFog":true,"showMaterialUpdate":false,"showSkybox":true,"showFlares":true,"showImageEffects":true,"showParticleSystems":true},"in2DMode":false,"pivot":{"x":-14.698678970336914,"y":8.911432266235352,"z":65.83796691894531},"rotation":{"x":0.27610790729522707,"y":-0.12589246034622193,"z":0.03727121651172638,"w":0.9522760510444641},"size":12.962817192077637,"orthographic":false}