{"cameraMode":{"drawMode":0,"name":"Shaded","section":"Shading Mode"},"sceneLighting":true,"audioPlay":false,"sceneViewState":{"showFog":true,"showMaterialUpdate":false,"showSkybox":true,"showFlares":true,"showImageEffects":true,"showParticleSystems":true},"in2DMode":false,"pivot":{"x":-37.97207260131836,"y":11.334022521972657,"z":16.907543182373048},"rotation":{"x":-0.45061948895454409,"y":0.5186105370521545,"z":-0.37625399231910708,"w":-0.6218546628952026},"size":141.42276000976563,"orthographic":false}